{
  "parent": "minecraft:adventure/spyglass_at_ocelot",
  "display": {
    "icon": {
      "item": "minecraft:spyglass"
    },
    "title": "死马?",
    "description": "透过望远镜观察僵尸马",
    "frame": "task",
    "show_toast": true,
    "announce_to_chat": true,
    "hidden": false
  },
  "criteria": {
    "spyglass_at_zombie_horse": {
      "trigger": "minecraft:using_item",
      "conditions": {
        "player": [
          {
            "condition": "minecraft:entity_properties",
            "predicate": {
              "player": {
                "looking_at": {
                  "type": "minecraft:zombie_horse"
                }
              }
            },
            "entity": "this"
          }
        ],
        "item": {
          "items": [
            "minecraft:spyglass"
          ]
        }
      }
    }
  },
  "requirements": [
    [
      "spyglass_at_zombie_horse"
    ]
  ]
}